requirement_no,requirement_text,requirement_reasoning,requirement_reference
FR-001,The app must allow users to display current football news for their favorite teams.,"To keep football fans informed about their teams' latest updates, delivering a central platform for relevant news.",users can display current football news of their favorite teams
FR-002,Users must be able to individually select preferred sports channels to display news.,This enables users to tailor their news feed to their interests and preferred sources.,users can...select preferred sports channels individually
FR-003,The app must provide live results for favorite teams via a live ticker.,"Live tickers are essential for real-time match updates, which are core to fan engagement.",users can follow the results of their favorite teams live via a live ticker
FR-004,"The app must cover all leagues and competitions, both national and international.",Comprehensive coverage ensures the platform appeals to a wide audience.,"extensive coverage of all leagues and competitions, both national and international"
FR-005,The app must provide detailed information on teams and players at any time.,Detailed stats and info are key features for an informed fan base.,Detailed team and player information will also be available at any time.
FR-006,"The app must integrate live stream links from providers such as DAZN or Sky Sport, and display these only when live broadcast begins and transmission rights are fulfilled in the user's country.",Ensures legal compliance and enhances live match experience.,integration of live stream links...displayed when...rights are fulfilled in the country
FR-007,The integrated live ticker module must retrieve and display live data in real time via an API from an external server.,Real-time updates are crucial for match-following experience.,live ticker module...retrieval and display of live data in real time...API from an external server
FR-008,Users must be able to personalize their app experience by following favorite clubs and receiving personalized notifications.,Personalization increases user engagement and relevance.,Users have the option to personalize their experience by following favorite clubs and receiving notifications
FR-009,The app must allow users to share news and game reports via social media.,Social sharing drives user engagement and app visibility.,users can share news and game reports via social media directly from the app
FR-010,The app must provide a notification system that informs users about current events when activated.,Timely notifications keep users updated and increase retention.,app is linked to a notification system...provides users with information
FR-011,Registration and login must be uncomplicated and can be completed directly at app startup.,Simple onboarding reduces barriers to entry and improves user adoption.,Registration and login are designed to be uncomplicated...at app startup
FR-012,"The app must retain consistent modules and user interface, even with external server updates.",Consistency in the UI ensures usability and reliability.,All modules and the user interface...remain consistent even with external server updates
